<?xml version="1.0"?>
<!--<!DOCTYPE metadata SYSTEM "http://www.esri.com/metadata/esriprof80.dtd">-->
<metadata xml:lang="es"><Esri><CreaDate>20060918</CreaDate><CreaTime>23111000</CreaTime><SyncOnce>TRUE</SyncOnce><MetaID>{E40DF1E6-FF83-44D3-9C95-DBE58E744E77}</MetaID></Esri><idinfo><citation><citeinfo><onlink Sync="TRUE">\\SONIA\D\Mapas_finales_la_Vega_Paulo\area municipal</onlink></citeinfo></citation></idinfo><distInfo><distributor><distorTran><onLineSrc><linkage Sync="TRUE">file://\\SONIA\D\Mapas_finales_la_Vega_Paulo\area municipal</linkage><protocol Sync="TRUE">Local Area Network</protocol></onLineSrc></distorTran></distributor></distInfo><dataqual><lineage><procstep><procdesc Sync="TRUE">Dataset copied.</procdesc><srcused Sync="TRUE">F:\cesar\mapas\area municipal</srcused><date Sync="TRUE">20060918</date><time Sync="TRUE">23111000</time></procstep></lineage></dataqual></metadata>
