<?xml version="1.0"?>
<!--<!DOCTYPE metadata SYSTEM "http://www.esri.com/metadata/esriprof80.dtd">-->
<metadata xml:lang="es"><Esri><CreaDate>20060918</CreaDate><CreaTime>20520400</CreaTime><SyncOnce>TRUE</SyncOnce><MetaID>{698C3EC8-9E2C-4D25-8771-CA69C198AE72}</MetaID></Esri><idinfo><citation><citeinfo><onlink Sync="TRUE">\\SONIA\D\Mapas_finales_la_Vega_Paulo\veredas</onlink></citeinfo></citation></idinfo><distInfo><distributor><distorTran><onLineSrc><linkage Sync="TRUE">file://\\SONIA\D\Mapas_finales_la_Vega_Paulo\veredas</linkage><protocol Sync="TRUE">Local Area Network</protocol></onLineSrc></distorTran></distributor></distInfo><dataqual><lineage><procstep><procdesc Sync="TRUE">Dataset copied.</procdesc><srcused Sync="TRUE">F:\cesar\veredas</srcused><date Sync="TRUE">20060918</date><time Sync="TRUE">20520400</time></procstep></lineage></dataqual></metadata>
