<?xml version="1.0"?>
<!--<!DOCTYPE metadata SYSTEM "http://www.esri.com/metadata/esriprof80.dtd">-->
<metadata xml:lang="es"><Esri><CreaDate>20060917</CreaDate><CreaTime>19411000</CreaTime><SyncOnce>TRUE</SyncOnce><MetaID>{9C8C9F2D-90A4-4799-894A-6649A922607C}</MetaID></Esri><idinfo><citation><citeinfo><onlink Sync="TRUE">\\SONIA\D\Clasificacion_del_Suelo\reglamentacion del suelo rural</onlink></citeinfo></citation></idinfo><distInfo><distributor><distorTran><onLineSrc><linkage Sync="TRUE">file://\\SONIA\D\Clasificacion_del_Suelo\reglamentacion del suelo rural</linkage><protocol Sync="TRUE">Local Area Network</protocol></onLineSrc></distorTran></distributor></distInfo><dataqual><lineage><procstep><procdesc Sync="TRUE">Dataset copied.</procdesc><srcused Sync="TRUE">F:\cesar\mapas\reglamentacion del suelo rural</srcused><date Sync="TRUE">20060917</date><time Sync="TRUE">19411000</time></procstep></lineage></dataqual></metadata>
